organisation_website,venues,cities,country,categories,suggested_contact
https://www.visitsealife.com/london/plan-your-visit/information/accessibility-guide/quiet-at-the-aquarium/,SEA LIFE London Aquarium; SEA LIFE Manchester; National SEA LIFE Centre Birmingham; SEA LIFE Brighton,London; Manchester; Birmingham; Brighton,UK,attractions,info@ / access or education coordinator via visitsealife.com/contact
https://www.liverpoolmuseums.org.uk/relaxed-events,World Museum; Museum of Liverpool; Walker Art Gallery,Liverpool,UK,museums,info@ / access or education coordinator via liverpoolmuseums.org.uk/contact
https://www.azscience.org/,Arizona Science Center; Arizona Science Center (PAL Place,Phoenix,US,museums,info@ / access or education coordinator via azscience.org/contact
https://www.crayolaexperience.com/mall-of-america,Crayola Experience Mall of America; Crayola Experience Orlando,Minneapolis; Orlando,US,play,info@ / access or education coordinator via crayolaexperience.com/contact
https://www.glasgowlife.org.uk/museums/glasgow-life-museums-are-autism-friendly,Kelvingrove Art Gallery and Museum; Riverside Museum,Glasgow,UK,museums,info@ / access or education coordinator via glasgowlife.org.uk/contact
https://www.montgomeryzoo.com/,Montgomery Zoo; Mann Wildlife Learning Museum,Montgomery,US,attractions; museums,info@ / access or education coordinator via montgomeryzoo.com/contact
https://museum.wales/cardiff/whatson/,National Museum Cardiff; St Fagans National Museum of History,Cardiff,UK,museums,info@ / access or education coordinator via museum.wales/contact
https://museumsandgalleries.leeds.gov.uk/leeds-city-museum/,Leeds City Museum; Leeds Discovery Centre,Leeds,UK,museums,info@ / access or education coordinator via museumsandgalleries.leeds.gov.uk/contact
https://www.vam.ac.uk/,V&A; V&A Dundee,London; Dundee,UK,museums,info@ / access or education coordinator via vam.ac.uk/contact
https://aberdeensciencecentre.org/relaxedsessions-aberdeensciencecentre/,Aberdeen Science Centre,Aberdeen,UK,museums,info@ / access or education coordinator via aberdeensciencecentre.org/contact
https://abqlibrary.org/,Albuquerque / Bernalillo County Library,Albuquerque,US,storytime,info@ / access or education coordinator via abqlibrary.org/contact
https://access.si.edu/program/morning-museum,Smithsonian,Washington,US,museums,info@ / access or education coordinator via access.si.edu/contact
https://www.adventuresci.org/,Adventure Science Center,Nashville,US,museums,info@ / access or education coordinator via adventuresci.org/contact
https://akronartmuseum.org/visit/,Akron Art Museum,Akron,US,museums,info@ / access or education coordinator via akronartmuseum.org/contact
https://akronkids.org/visit-us/access-inclusivity,Akron Children's Museum,Akron,US,museums,info@ / access or education coordinator via akronkids.org/contact
https://www.akronzoo.org/sensory-inclusion,Akron Zoo,Akron,US,attractions,info@ / access or education coordinator via akronzoo.org/contact
https://www.alliancetheatre.org/,Alliance Theatre,Atlanta,US,theater,info@ / access or education coordinator via alliancetheatre.org/contact
https://www.amnh.org/plan-your-visit/accessibility/sensory-resources-for-visitors,American Museum of Natural History,New York,US,museums,info@ / access or education coordinator via amnh.org/contact
https://aqua.org/,National Aquarium,Baltimore,US,attractions,info@ / access or education coordinator via aqua.org/contact
https://www.aquariumofpacific.org/,Aquarium of the Pacific (Sensory Inclusive,Los Angeles,US,attractions,info@ / access or education coordinator via aquariumofpacific.org/contact
https://audubonnatureinstitute.org/,Audubon Aquarium,New Orleans,US,attractions,info@ / access or education coordinator via audubonnatureinstitute.org/contact
https://www.azmnh.org/,Arizona Museum of Natural History,Mesa,US,museums,info@ / access or education coordinator via azmnh.org/contact
https://bbcmkids.org/,Betty Brinn Children’s Museum,Milwaukee,US,museums,info@ / access or education coordinator via bbcmkids.org/contact
https://www.bbtheatres.com/location/mall-of-america-14,B&B Theatres at Mall of America,Minneapolis,US,movies,info@ / access or education coordinator via bbtheatres.com/contact
https://bellevuewa.gov/city-government/departments/parks/planning-and-development/downtown-park/inspiration-playground,Inspiration Playground,Seattle,US,playgrounds,info@ / access or education coordinator via bellevuewa.gov/contact
https://www.birminghamhippodrome.com/plan-your-visit/access/relaxed-performances/,Birmingham Hippodrome,Birmingham,UK,theater,info@ / access or education coordinator via birminghamhippodrome.com/contact
https://www.birminghammuseums.org.uk/events/morning-explorers,"Thinktank, Birmingham Science Museum",Birmingham,UK,museums,info@ / access or education coordinator via birminghammuseums.org.uk/contact
https://www.bishopscience.org/,The Bishop Museum of Science & Nature,Sarasota,US,museums,info@ / access or education coordinator via bishopscience.org/contact
https://www.bklynlibrary.org/inclusive-services,Brooklyn Public Library,New York,US,storytime,info@ / access or education coordinator via bklynlibrary.org/contact
https://www.blankparkzoo.com/,Blank Park Zoo,Des Moines,US,attractions,info@ / access or education coordinator via blankparkzoo.com/contact
https://boonshoft.org/about-us/accessibility/,Boonshoft Museum of Discovery,Dayton,US,museums,info@ / access or education coordinator via boonshoft.org/contact
https://www.bordgaisenergytheatre.ie/,Bord Gáis Energy Theatre,Dublin,Ireland,theater,info@ / access or education coordinator via bordgaisenergytheatre.ie/contact
https://bostonchildrensmuseum.org/,Boston Children's Museum,Boston,US,museums,info@ / access or education coordinator via bostonchildrensmuseum.org/contact
https://www.bristolaquarium.co.uk/,Bristol Aquarium,Bristol,UK,attractions,info@ / access or education coordinator via bristolaquarium.co.uk/contact
https://bristololdvic.org.uk/access/access-performances/relaxed,Bristol Old Vic,Bristol,UK,theater,info@ / access or education coordinator via bristololdvic.org.uk/contact
https://bronxzoo.com/,Bronx Zoo (Sensory Inclusive,New York,US,attractions,info@ / access or education coordinator via bronxzoo.com/contact
https://www.brookfieldzoo.org/,Brookfield Zoo,Chicago,US,attractions,info@ / access or education coordinator via brookfieldzoo.org/contact
https://brzoo.org/visit/sensory-inclusive,BREC's Baton Rouge Zoo,Baton Rouge,US,attractions,info@ / access or education coordinator via brzoo.org/contact
https://bstreettheatre.org/,B Street Theatre,Sacramento,US,theater,info@ / access or education coordinator via bstreettheatre.org/contact
https://www.burkemuseum.org/,Burke Museum,Seattle,US,museums,info@ / access or education coordinator via burkemuseum.org/contact
https://www.cabq.gov/artsculture/biopark,ABQ BioPark,Albuquerque,US,attractions,info@ / access or education coordinator via cabq.gov/contact
https://www.cadburyworld.co.uk/,Cadbury World,Birmingham,UK,attractions,info@ / access or education coordinator via cadburyworld.co.uk/contact
https://www.calacademy.org/,California Academy of Sciences,San Francisco,US,museums,info@ / access or education coordinator via calacademy.org/contact
https://www.californiarailroad.museum/,California State Railroad Museum,Sacramento,US,museums,info@ / access or education coordinator via californiarailroad.museum/contact
https://www.cameronparkzoo.com/plan-your-visit/accessibility/,Cameron Park Zoo,Waco,US,attractions,info@ / access or education coordinator via cameronparkzoo.com/contact
https://www.capitaltheatres.com/our-venues/festival-theatre/access/,Festival Theatre,Edinburgh,UK,theater,info@ / access or education coordinator via capitaltheatres.com/contact
https://www.carecuts.org/,Care Cuts,Dallas,US,haircuts,info@ / access or education coordinator via carecuts.org/contact
https://www.caytonmuseum.org/,Cayton Children's Museum,Los Angeles,US,museums,info@ / access or education coordinator via caytonmuseum.org/contact
https://www.cdm.org/,Children's Discovery Museum of San Jose,San Jose,US,museums,info@ / access or education coordinator via cdm.org/contact
https://www.cdmfun.org/,Creative Discovery Museum,Chattanooga,US,museums,info@ / access or education coordinator via cdmfun.org/contact
https://www.centralfloridazoo.org/,Central Florida Zoo & Botanical Gardens,Orlando,US,attractions,info@ / access or education coordinator via centralfloridazoo.org/contact
https://www.chasecenter.com/,Chase Center (Sensory Inclusive,San Francisco,US,attractions,info@ / access or education coordinator via chasecenter.com/contact
https://www.chicagochildrensmuseum.org/,Chicago Children's Museum,Chicago,US,museums,info@ / access or education coordinator via chicagochildrensmuseum.org/contact
https://chicagochildrenstheatre.org/,Chicago Children's Theatre,Chicago,US,theater,info@ / access or education coordinator via chicagochildrenstheatre.org/contact
https://www.childrensmuseum.org/,The Children's Museum of Indianapolis,Indianapolis,US,museums,info@ / access or education coordinator via childrensmuseum.org/contact
https://childrensmuseumatlanta.org/,Children's Museum of Atlanta,Atlanta,US,museums,info@ / access or education coordinator via childrensmuseumatlanta.org/contact
https://childrensmuseumofphoenix.org/,Children's Museum of Phoenix,Phoenix,US,museums,info@ / access or education coordinator via childrensmuseumofphoenix.org/contact
https://www.childrensmuseumofrichmond.org/,Children’s Museum of Richmond,Richmond,US,museums,info@ / access or education coordinator via childrensmuseumofrichmond.org/contact
https://childrensmuseumtucson.org/,Children’s Museum Tucson,Tucson,US,museums,info@ / access or education coordinator via childrensmuseumtucson.org/contact
https://childrenstheatre.org/,Children's Theatre Company,Minneapolis,US,theater,info@ / access or education coordinator via childrenstheatre.org/contact
https://www.cincinnatiartmuseum.org/,Cincinnati Art Museum,Cincinnati,US,museums,info@ / access or education coordinator via cincinnatiartmuseum.org/contact
https://cincinnatizoo.org/,Cincinnati Zoo & Botanical Garden,Cincinnati,US,attractions,info@ / access or education coordinator via cincinnatizoo.org/contact
https://www.clevelandmetroparks.com/zoo,Cleveland Metroparks Zoo,Cleveland,US,attractions,info@ / access or education coordinator via clevelandmetroparks.com/contact
https://www.cmhouston.org/,Children's Museum Houston,Houston,US,museums,info@ / access or education coordinator via cmhouston.org/contact
https://www.cmlibrary.org/,Charlotte Mecklenburg Library,Charlotte,US,storytime,info@ / access or education coordinator via cmlibrary.org/contact
https://cmom.org/,Children's Museum of Manhattan,New York,US,museums,info@ / access or education coordinator via cmom.org/contact
https://www.cmzoo.org/,Cheyenne Mountain Zoo,Colorado Springs,US,attractions,info@ / access or education coordinator via cmzoo.org/contact
https://www.columbiamuseum.org/visit/accessibility,Columbia Museum of Art,Columbia,US,museums,info@ / access or education coordinator via columbiamuseum.org/contact
https://www.columbuslibrary.org/,Columbus Metropolitan Library,Columbus,US,storytime,info@ / access or education coordinator via columbuslibrary.org/contact
https://www.columbuszoo.org/,Columbus Zoo and Aquarium,Columbus,US,attractions,info@ / access or education coordinator via columbuszoo.org/contact
https://comozooconservatory.org/,Como Park Zoo & Conservatory,Minneapolis,US,attractions,info@ / access or education coordinator via comozooconservatory.org/contact
https://cosi.org/,COSI,Columbus,US,museums,info@ / access or education coordinator via cosi.org/contact
https://ctcharlotte.org/,Children's Theatre of Charlotte,Charlotte,US,theater,info@ / access or education coordinator via ctcharlotte.org/contact
https://curiodyssey.org/,CuriOdyssey,San Jose,US,attractions,info@ / access or education coordinator via curiodyssey.org/contact
https://www.dallaszoo.com/,Dallas Zoo,Dallas,US,attractions,info@ / access or education coordinator via dallaszoo.com/contact
https://daytonlive.org/about/accessibility,Dayton Live,Dayton,US,theater,info@ / access or education coordinator via daytonlive.org/contact
https://www.daytonmetrolibrary.org/,Dayton Metro Library,Dayton,US,storytime,info@ / access or education coordinator via daytonmetrolibrary.org/contact
https://dcidaho.org/,Discovery Center of Idaho,Boise,US,museums,info@ / access or education coordinator via dcidaho.org/contact
https://www.dct.org/,Dallas Children's Theater,Dallas,US,theater,info@ / access or education coordinator via dct.org/contact
https://www.denverartmuseum.org/,Denver Art Museum,Denver,US,museums,info@ / access or education coordinator via denverartmuseum.org/contact
https://www.denvercenter.org/,Denver Center for the Performing Arts,Denver,US,theater,info@ / access or education coordinator via denvercenter.org/contact
https://denverzoo.org/,Denver Zoo,Denver,US,attractions,info@ / access or education coordinator via denverzoo.org/contact
https://derbymuseums.org/accessibility/,Museum of Making,Derby,UK,museums,info@ / access or education coordinator via derbymuseums.org/contact
https://detroitzoo.org/,Detroit Zoo,Detroit,US,attractions,info@ / access or education coordinator via detroitzoo.org/contact
https://www.discoverycube.org/los-angeles/,Discovery Cube Los Angeles,Los Angeles,US,museums,info@ / access or education coordinator via discoverycube.org/contact
https://www.discoverygateway.org/,Discovery Gateway Children's Museum,Salt Lake City,US,museums,info@ / access or education coordinator via discoverygateway.org/contact
https://www.discoverylab.org/,Discovery Lab,Tulsa,US,museums,info@ / access or education coordinator via discoverylab.org/contact
https://discoverymuseum.org.uk/,Discovery Museum,Newcastle,UK,museums,info@ / access or education coordinator via discoverymuseum.org.uk/contact
https://discoveryplace.org/,Discovery Place Science,Charlotte,US,museums,info@ / access or education coordinator via discoveryplace.org/contact
https://discoveryplacekids.org/,Discovery Place Kids,Charlotte,US,museums,info@ / access or education coordinator via discoveryplacekids.org/contact
https://www.discoveryworld.org/,Discovery World,Milwaukee,US,museums,info@ / access or education coordinator via discoveryworld.org/contact
https://drogheda.arccinema.ie/whatson/sensory,Arc Cinema Drogheda,Drogheda,Ireland,movies,info@ / access or education coordinator via drogheda.arccinema.ie/contact
https://www.dublincity.ie/library/blog/sensory-services,Dublin City Libraries,Dublin,Ireland,storytime,info@ / access or education coordinator via dublincity.ie/contact
https://www.dublinzoo.ie/,Dublin Zoo,Dublin,Ireland,attractions,info@ / access or education coordinator via dublinzoo.ie/contact
https://www.dundeeheritagetrust.co.uk/accessibility-guide-discovery-point/,Discovery Point,Dundee,UK,museums,info@ / access or education coordinator via dundeeheritagetrust.co.uk/contact
https://www.dundeesciencecentre.org.uk/sensory-zone/,Dundee Science Centre,Dundee,UK,museums,info@ / access or education coordinator via dundeesciencecentre.org.uk/contact
https://dynamicearth.org.uk/,Dynamic Earth,Edinburgh,UK,museums,info@ / access or education coordinator via dynamicearth.org.uk/contact
https://ecotarium.org/visit/,EcoTarium,Worcester,US,museums,info@ / access or education coordinator via ecotarium.org/contact
https://edventure.org/sensorynights/,EdVenture Children's Museum,Columbia,US,museums,info@ / access or education coordinator via edventure.org/contact
https://www.elmwoodparkzoo.org/,Elmwood Park Zoo,Philadelphia,US,attractions,info@ / access or education coordinator via elmwoodparkzoo.org/contact
https://www.elpasozoo.org/,El Paso Zoo,El Paso,US,attractions,info@ / access or education coordinator via elpasozoo.org/contact
https://enchantedisland.com/,Enchanted Island Amusement Park,Phoenix,US,attractions,info@ / access or education coordinator via enchantedisland.com/contact
https://www.explora.us/,Explora Science Center & Children's Museum,Albuquerque,US,museums,info@ / access or education coordinator via explora.us/contact
https://exploration.org/,Exploration Place,Wichita,US,museums,info@ / access or education coordinator via exploration.org/contact
https://exploreandmore.org/,Explore & More Children’s Museum,Buffalo,US,museums,info@ / access or education coordinator via exploreandmore.org/contact
https://www.explorecml.org/,Children’s Museum of the Lowcountry,Charleston,US,museums,info@ / access or education coordinator via explorecml.org/contact
https://www.exploriumdenton.org/,Explorium Denton,Dallas,US,museums,info@ / access or education coordinator via exploriumdenton.org/contact
https://www.fairfaxcounty.gov/parks/clemyjontri,Clemyjontri Park,Washington,US,playgrounds,info@ / access or education coordinator via fairfaxcounty.gov/contact
https://www.flaquarium.org/,The Florida Aquarium,Tampa,US,attractions,info@ / access or education coordinator via flaquarium.org/contact
https://www.fleetscience.org/,Fleet Science Center,San Diego,US,museums,info@ / access or education coordinator via fleetscience.org/contact
https://www.floridamuseum.ufl.edu/event/museum-for-me-autism/,Florida Museum of Natural History,Gainesville,US,museums,info@ / access or education coordinator via floridamuseum.ufl.edu/contact
https://www.fortworthzoo.org/,Fort Worth Zoo,Fort Worth,US,attractions,info@ / access or education coordinator via fortworthzoo.org/contact
https://www.fotawildlife.ie/,Fota Wildlife Park,Cork,Ireland,attractions,info@ / access or education coordinator via fotawildlife.ie/contact
https://www.fresnochaffeezoo.org/,Fresno Chaffee Zoo,Fresno,US,attractions,info@ / access or education coordinator via fresnochaffeezoo.org/contact
https://fresnodiscoverycenter.org/,Fresno Discovery Center,Fresno,US,museums,info@ / access or education coordinator via fresnodiscoverycenter.org/contact
https://www.friscotexas.gov/facilities/facility/details/Hope-Park-121,Hope Park,Dallas,US,playgrounds,info@ / access or education coordinator via friscotexas.gov/contact
https://fristartmuseum.org/,Frist Art Museum,Nashville,US,museums,info@ / access or education coordinator via fristartmuseum.org/contact
https://www.frostscience.org/,Phillip and Patricia Frost Museum of Science,Miami,US,museums,info@ / access or education coordinator via frostscience.org/contact
https://www.fwmuseum.org/,Fort Worth Museum of Science and History,Fort Worth,US,museums,info@ / access or education coordinator via fwmuseum.org/contact
https://www.galway.ie/en/libraries-archives/sensory-supports,Galway Libraries,Galway,Ireland,storytime,info@ / access or education coordinator via galway.ie/contact
https://www.georgiaaquarium.org/,Georgia Aquarium,Atlanta,US,attractions,info@ / access or education coordinator via georgiaaquarium.org/contact
https://www.glasgowsciencecentre.org/visit/autism-friendly-hours,Glasgow Science Centre,Glasgow,UK,museums,info@ / access or education coordinator via glasgowsciencecentre.org/contact
https://glazermuseum.org/,Glazer Children's Museum,Tampa,US,museums,info@ / access or education coordinator via glazermuseum.org/contact
https://www.golden1center.com/,Golden 1 Center (Sensory Inclusive,Sacramento,US,attractions,info@ / access or education coordinator via golden1center.com/contact
https://greatnorthmuseum.org.uk/,Great North Museum: Hancock,Newcastle,UK,museums,info@ / access or education coordinator via greatnorthmuseum.org.uk/contact
https://greatscience.com/,Great Lakes Science Center,Cleveland,US,museums,info@ / access or education coordinator via greatscience.com/contact
https://www.greensboroscience.org/,Greensboro Science Center,Greensboro,US,museums,info@ / access or education coordinator via greensboroscience.org/contact
https://greentrike.org/childrens-museum-of-tacoma,Children's Museum of Tacoma,Tacoma,US,museums,info@ / access or education coordinator via greentrike.org/contact
https://www.greenvillelibrary.org/event-series/sensory-story-time,Greenville County Library,Greenville,US,storytime,info@ / access or education coordinator via greenvillelibrary.org/contact
https://www.griffinmsi.org/events/all-access/low-sensory-mornings,Griffin Museum of Science and Industry,Chicago,US,museums,info@ / access or education coordinator via griffinmsi.org/contact
https://www.grpm.org/,Grand Rapids Public Museum,Grand Rapids,US,museums,info@ / access or education coordinator via grpm.org/contact
https://www.harpersplayground.org/playgrounds/harpers-playground,Harper's Playground,Portland,US,playgrounds,info@ / access or education coordinator via harpersplayground.org/contact
https://www.hcp2.com/JDP,James Driver All-Inclusive Park,Houston,US,playgrounds,info@ / access or education coordinator via hcp2.com/contact
https://www.hmns.org/visit/accessibility/,Houston Museum of Natural Science,Houston,US,museums,info@ / access or education coordinator via hmns.org/contact
https://www.hoglezoo.org/,Utah's Hogle Zoo,Salt Lake City,US,attractions,info@ / access or education coordinator via hoglezoo.org/contact
https://homemcr.org/,HOME Manchester,Manchester,UK,theater,info@ / access or education coordinator via homemcr.org/contact
https://www.houstontx.gov/parks/playgrounds-spraygrounds.html,Playground for All Children,Houston,US,playgrounds,info@ / access or education coordinator via houstontx.gov/contact
https://www.houstonzoo.org/plan-your-visit/accessibility/,Houston Zoo,Houston,US,attractions,info@ / access or education coordinator via houstonzoo.org/contact
https://www.huntmuseum.com/visit/accessibility/,The Hunt Museum,Limerick,Ireland,museums,info@ / access or education coordinator via huntmuseum.com/contact
https://www.ideamuseum.org/,i.d.e.a. Museum,Mesa,US,museums,info@ / access or education coordinator via ideamuseum.org/contact
https://www.imaginationstationtoledo.org/,Imagination Station,Toledo,US,museums,info@ / access or education coordinator via imaginationstationtoledo.org/contact
https://www.indianapoliszoo.com/,Indianapolis Zoo (Sensory Inclusive,Indianapolis,US,attractions,info@ / access or education coordinator via indianapoliszoo.com/contact
https://www.indypl.org/,Indianapolis Public Library,Indianapolis,US,storytime,info@ / access or education coordinator via indypl.org/contact
https://intrepidmuseum.org/,Intrepid Museum,New York,US,museums,info@ / access or education coordinator via intrepidmuseum.org/contact
https://www.jacksonvillezoo.org/,Jacksonville Zoo and Gardens,Jacksonville,US,attractions,info@ / access or education coordinator via jacksonvillezoo.org/contact
https://www.jbzoo.org/,John Ball Zoo,Grand Rapids,US,attractions,info@ / access or education coordinator via jbzoo.org/contact
https://juniortheatre.com/,San Diego Junior Theatre,San Diego,US,theater,info@ / access or education coordinator via juniortheatre.com/contact
https://kaminsciencecenter.org/,Kamin Science Center,Pittsburgh,US,museums,info@ / access or education coordinator via kaminsciencecenter.org/contact
https://www.kansascityzoo.org/,Kansas City Zoo & Aquarium,Kansas City,US,attractions,info@ / access or education coordinator via kansascityzoo.org/contact
https://www.kennedy-center.org/,The Kennedy Center,Washington,US,theater,info@ / access or education coordinator via kennedy-center.org/contact
https://knockknockmuseum.org/accessibility/,Knock Knock Children's Museum,Baton Rouge,US,museums,info@ / access or education coordinator via knockknockmuseum.org/contact
https://kysciencecenter.org/,Kentucky Science Center,Louisville,US,museums,info@ / access or education coordinator via kysciencecenter.org/contact
https://la-nube.org/,La Nube,El Paso,US,museums,info@ / access or education coordinator via la-nube.org/contact
https://www.lasm.org/,Louisiana Art & Science Museum,Baton Rouge,US,museums,info@ / access or education coordinator via lasm.org/contact
https://www.lasvegasnvmuseum.org/,"Nevada State Museum, Las Vegas",Las Vegas,US,museums,info@ / access or education coordinator via lasvegasnvmuseum.org/contact
https://www.lazoo.org/,Los Angeles Zoo (Sensory Support,Los Angeles,US,attractions,info@ / access or education coordinator via lazoo.org/contact
https://lcm.org/,Louisiana Children’s Museum,New Orleans,US,museums,info@ / access or education coordinator via lcm.org/contact
https://www.leedsplayhouse.org.uk/access/types-of-performances/,Leeds Playhouse,Leeds,UK,theater,info@ / access or education coordinator via leedsplayhouse.org.uk/contact
https://library.austintexas.gov/,Austin Public Library,Austin,US,storytime,info@ / access or education coordinator via library.austintexas.gov/contact
https://www.life.org.uk/,Life Science Centre,Newcastle,UK,museums,info@ / access or education coordinator via life.org.uk/contact
https://www.lincolnzoo.org/,Lincoln Children’s Zoo,Lincoln,US,attractions,info@ / access or education coordinator via lincolnzoo.org/contact
https://louisvillezoo.org/,Louisville Zoo,Louisville,US,attractions,info@ / access or education coordinator via louisvillezoo.org/contact
https://www.lpzoo.org/,Lincoln Park Zoo,Chicago,US,attractions,info@ / access or education coordinator via lpzoo.org/contact
https://madisonchildrensmuseum.org/,Madison Children’s Museum,Madison,US,museums,info@ / access or education coordinator via madisonchildrensmuseum.org/contact
https://www.magicalbridge.org/paloalto-playground,Magical Bridge Playground,San Jose,US,playgrounds,info@ / access or education coordinator via magicalbridge.org/contact
https://www.magichouse.org/,"The Magic House, St. Louis Children's Museum",St. Louis,US,museums,info@ / access or education coordinator via magichouse.org/contact
https://www.magiktheatre.org/,Magik Theatre,San Antonio,US,theater,info@ / access or education coordinator via magiktheatre.org/contact
https://mallofamerica.com/sensoryfriendly,Nickelodeon Universe at Mall of America,Minneapolis,US,play,info@ / access or education coordinator via mallofamerica.com/contact
https://manchesterartgallery.org/open-doors/,Manchester Art Gallery,Manchester,UK,museums,info@ / access or education coordinator via manchesterartgallery.org/contact
https://marbleskidsmuseum.org/,Marbles Kids Museum,Raleigh,US,museums,info@ / access or education coordinator via marbleskidsmuseum.org/contact
https://maryrose.org/events/relaxed-opening-morning/,The Mary Rose,Portsmouth,UK,museums,info@ / access or education coordinator via maryrose.org/contact
https://memphiszoo.org/,Memphis Zoo,Memphis,US,attractions,info@ / access or education coordinator via memphiszoo.org/contact
https://meowwolf.com/visit/grapevine,Meow Wolf,Dallas; Las Vegas,US,attractions,info@ / access or education coordinator via meowwolf.com/contact
https://merl.reading.ac.uk/visit/access/museums-my-way/,The Museum of English Rural Life,Reading,UK,museums,info@ / access or education coordinator via merl.reading.ac.uk/contact
https://www.mfa.org/,Museum of Fine Arts,Boston,US,museums,info@ / access or education coordinator via mfa.org/contact
https://www.miamichildrensmuseum.org/,Miami Children's Museum,Miami,US,museums,info@ / access or education coordinator via miamichildrensmuseum.org/contact
https://mmfa.org/visit/plan-your-visit/kulturecity-resources/,Montgomery Museum of Fine Arts,Montgomery,US,museums,info@ / access or education coordinator via mmfa.org/contact
https://mnzoo.org/,Minnesota Zoo,Minneapolis,US,attractions,info@ / access or education coordinator via mnzoo.org/contact
https://mobiusdiscoverycenter.org/,Mobius Discovery Center,Spokane,US,museums,info@ / access or education coordinator via mobiusdiscoverycenter.org/contact
https://www.morganhill.ca.gov/1643/Magical-Bridge-Morgan-Hill,Magical Bridge Playground,San Jose,US,playgrounds,info@ / access or education coordinator via morganhill.ca.gov/contact
https://morganswonderland.org/,Morgan's Wonderland,San Antonio,US,attractions,info@ / access or education coordinator via morganswonderland.org/contact
https://www.mos.org/,Museum of Science,Boston,US,museums,info@ / access or education coordinator via mos.org/contact
https://www.most.org/,MOST,Syracuse,US,museums,info@ / access or education coordinator via most.org/contact
https://mote.org/aquarium/sea-visitor-information/,Mote SEA,Sarasota,US,attractions,info@ / access or education coordinator via mote.org/contact
https://www.mpm.edu/,Milwaukee Public Museum,Milwaukee,US,museums,info@ / access or education coordinator via mpm.edu/contact
https://www.msichicago.org/,Museum of Science and Industry,Chicago,US,museums,info@ / access or education coordinator via msichicago.org/contact
https://multcolib.org/,Multnomah County Library,Portland,US,storytime,info@ / access or education coordinator via multcolib.org/contact
https://www.museum.ie/,National Museum of Ireland,Dublin,Ireland,museums,info@ / access or education coordinator via museum.ie/contact
https://www.museum.manchester.ac.uk/,Manchester Museum,Manchester,UK,museums,info@ / access or education coordinator via museum.manchester.ac.uk/contact
https://www.museum.qld.gov.au/,Queensland Museum,Brisbane,US,museums,info@ / access or education coordinator via museum.qld.gov.au/contact
https://www.museumofdiscovery.org/,Museum of Discovery,Little Rock,US,museums,info@ / access or education coordinator via museumofdiscovery.org/contact
https://www.museumofflight.org/,Museum of Flight,Seattle,US,museums,info@ / access or education coordinator via museumofflight.org/contact
https://www.museumofplay.org/,The Strong National Museum of Play,Rochester,US,museums,info@ / access or education coordinator via museumofplay.org/contact
https://museumsvictoria.com.au/scienceworks/,Scienceworks,Melbourne,US,museums,info@ / access or education coordinator via museumsvictoria.com.au/contact
https://www.mychildsmuseum.org/low-sensory-evenings,Children's Museum of Denver,Denver,US,museums,info@ / access or education coordinator via mychildsmuseum.org/contact
https://www.mywpl.org/,Worcester Public Library,Worcester,US,storytime,info@ / access or education coordinator via mywpl.org/contact
https://nanonagleplace.ie/,Nano Nagle Place,Cork,Ireland,museums,info@ / access or education coordinator via nanonagleplace.ie/contact
https://www.nashersculpturecenter.org/,Nasher Sculpture Center,Dallas,US,museums,info@ / access or education coordinator via nashersculpturecenter.org/contact
https://nashvillechildrenstheatre.org/,Nashville Children's Theatre,Nashville,US,theater,info@ / access or education coordinator via nashvillechildrenstheatre.org/contact
https://www.nashvillezoo.org/,Nashville Zoo at Grassmere,Nashville,US,attractions,info@ / access or education coordinator via nashvillezoo.org/contact
https://www.national-aquarium.co.uk/events/quiet-at-the-aquarium/,National Marine Aquarium,Plymouth,UK,attractions,info@ / access or education coordinator via national-aquarium.co.uk/contact
https://nationalchildrensmuseum.org/,National Children's Museum,Washington,US,museums,info@ / access or education coordinator via nationalchildrensmuseum.org/contact
https://www.nationalgalleries.org/learn/sensory-friendly,National Galleries of Scotland,Edinburgh,UK,museums,info@ / access or education coordinator via nationalgalleries.org/contact
https://www.nationaljusticemuseum.org.uk/,National Justice Museum,Nottingham,UK,museums,info@ / access or education coordinator via nationaljusticemuseum.org.uk/contact
https://naturalsciences.org/,NC Museum of Natural Sciences,Raleigh,US,museums,info@ / access or education coordinator via naturalsciences.org/contact
https://www.neaq.org/,New England Aquarium,Boston,US,attractions,info@ / access or education coordinator via neaq.org/contact
https://www.newvictory.org/,New Victory Theater,New York,US,theater,info@ / access or education coordinator via newvictory.org/contact
https://www.nhm.ac.uk/events/dawnosaurs.html,Natural History Museum,London,UK,museums,info@ / access or education coordinator via nhm.ac.uk/contact
https://nhm.org/,Natural History Museum of LA County,Los Angeles,US,museums,info@ / access or education coordinator via nhm.org/contact
https://www.nmnaturalhistory.org/,New Mexico Museum of Natural History & Science,Albuquerque,US,museums,info@ / access or education coordinator via nmnaturalhistory.org/contact
https://www.nms.ac.uk/national-museum-of-scotland/plan-your-visit/support-and-resources-for-autistic-children/,National Museum of Scotland,Edinburgh,UK,museums,info@ / access or education coordinator via nms.ac.uk/contact
https://nvdm.org/,The Discovery,Reno,US,museums,info@ / access or education coordinator via nvdm.org/contact
https://www.nwtrek.org/sensory-inclusive/,Northwest Trek Wildlife Park,Tacoma,US,attractions,info@ / access or education coordinator via nwtrek.org/contact
https://nyaquarium.com/plan-your-visit/accessibility,New York Aquarium (Sensory Inclusive,New York,US,attractions,info@ / access or education coordinator via nyaquarium.com/contact
https://nysci.org/,New York Hall of Science,New York,US,museums,info@ / access or education coordinator via nysci.org/contact
https://ocm.org/,Omaha Children’s Museum,Omaha,US,museums,info@ / access or education coordinator via ocm.org/contact
https://www.odyseaaquarium.com/,OdySea Aquarium,Phoenix,US,attractions,info@ / access or education coordinator via odyseaaquarium.com/contact
https://www.okczoo.org/,Oklahoma City Zoo,Oklahoma City,US,attractions,info@ / access or education coordinator via okczoo.org/contact
https://www.omahazoo.com/,Henry Doorly Zoo & Aquarium,Omaha,US,attractions,info@ / access or education coordinator via omahazoo.com/contact
https://omsi.edu/,OMSI,Portland,US,museums,info@ / access or education coordinator via omsi.edu/contact
https://www.oregonzoo.org/,Oregon Zoo (Sensory Inclusive,Portland,US,attractions,info@ / access or education coordinator via oregonzoo.org/contact
https://www.osc.org/,Orlando Science Center (Sensory Inclusive,Orlando,US,museums,info@ / access or education coordinator via osc.org/contact
https://www.pacificsciencecenter.org/,Pacific Science Center,Seattle,US,museums,info@ / access or education coordinator via pacificsciencecenter.org/contact
https://www.pdza.org/plan-your-day/sensory-inclusive/,Point Defiance Zoo & Aquarium,Tacoma,US,attractions,info@ / access or education coordinator via pdza.org/contact
https://www.peppapigthemepark.com/north-texas/,Peppa Pig Theme Park,Dallas,US,attractions,info@ / access or education coordinator via peppapigthemepark.com/contact
https://www.philadelphiazoo.org/,Philadelphia Zoo (Sensory Inclusive,Philadelphia,US,attractions,info@ / access or education coordinator via philadelphiazoo.org/contact
https://www.philamuseum.org/,Philadelphia Museum of Art,Philadelphia,US,museums,info@ / access or education coordinator via philamuseum.org/contact
https://www.phoenix.gov/parks,Encanto Park,Phoenix,US,playgrounds,info@ / access or education coordinator via phoenix.gov/contact
https://www.phoenixzoo.org/visit/accessibility/,Phoenix Zoo (Sensory Inclusive,Phoenix,US,attractions,info@ / access or education coordinator via phoenixzoo.org/contact
https://piedmontpark.org/things-to-do/playgrounds,Mayor's Grove Playground at Piedmont Park,Atlanta,US,playgrounds,info@ / access or education coordinator via piedmontpark.org/contact
https://pittsburghkids.org/,Children's Museum of Pittsburgh,Pittsburgh,US,museums,info@ / access or education coordinator via pittsburghkids.org/contact
https://www.pittsburghzoo.org/,Pittsburgh Zoo & Aquarium,Pittsburgh,US,attractions,info@ / access or education coordinator via pittsburghzoo.org/contact
https://www.pleasetouchmuseum.org/,Please Touch Museum,Philadelphia,US,museums,info@ / access or education coordinator via pleasetouchmuseum.org/contact
https://www.portdiscovery.org/,Port Discovery Children’s Museum,Baltimore,US,museums,info@ / access or education coordinator via portdiscovery.org/contact
https://portlandartmuseum.org/,Portland Art Museum,Portland,US,museums,info@ / access or education coordinator via portlandartmuseum.org/contact
https://raleighlittletheatre.org/,Raleigh Little Theatre,Raleigh,US,theater,info@ / access or education coordinator via raleighlittletheatre.org/contact
https://www.readingmuseum.org.uk/your-visit/information-for-autistic-and-neurodivergent-people,Reading Museum,Reading,UK,museums,info@ / access or education coordinator via readingmuseum.org.uk/contact
https://recreation.parks.lacity.gov/playgrounds/griffithUAPk,Shane's Inspiration,Los Angeles,US,playgrounds,info@ / access or education coordinator via recreation.parks.lacity.gov/contact
https://www.redwoodcity.org/departments/parks-recreation-and-community-services/magical-bridge-playground,Magical Bridge Playground,San Francisco,US,playgrounds,info@ / access or education coordinator via redwoodcity.org/contact
https://reidparkzoo.org/,Reid Park Zoo,Tucson,US,attractions,info@ / access or education coordinator via reidparkzoo.org/contact
https://www.ripleyaquariums.com/canada/,Ripley’s Aquarium of Canada,Toronto,US,attractions,info@ / access or education coordinator via ripleyaquariums.com/contact
https://www.riverbanks.org/,Riverbanks Zoo & Garden,Columbia,US,attractions,info@ / access or education coordinator via riverbanks.org/contact
https://rmsc.org/events/sensory-sunday/,Rochester Museum & Science Center,Rochester,US,museums,info@ / access or education coordinator via rmsc.org/contact
https://www.rocketcenter.com/,U.S. Space & Rocket Center,Huntsville,US,attractions,info@ / access or education coordinator via rocketcenter.com/contact
https://www.ropermountain.org/,Roper Mountain Science Center,Greenville,US,museums,info@ / access or education coordinator via ropermountain.org/contact
https://www.rosamondgiffordzoo.org/,Rosamond Gifford Zoo,Syracuse,US,attractions,info@ / access or education coordinator via rosamondgiffordzoo.org/contact
https://royalarmouries.org/leeds/accessibility,Royal Armouries Museum,Leeds,UK,museums,info@ / access or education coordinator via royalarmouries.org/contact
https://www.rwpzoo.org/,Roger Williams Park Zoo,Providence,US,attractions,info@ / access or education coordinator via rwpzoo.org/contact
https://sackids.org/,Sacramento Children's Museum,Sacramento,US,museums,info@ / access or education coordinator via sackids.org/contact
https://scaquarium.org/,South Carolina Aquarium,Charleston,US,attractions,info@ / access or education coordinator via scaquarium.org/contact
https://www.sciencebuff.org/,Buffalo Museum of Science,Buffalo,US,museums,info@ / access or education coordinator via sciencebuff.org/contact
https://www.sciencemuseum.org.uk/see-and-do/early-birds,Science Museum,London,UK,museums,info@ / access or education coordinator via sciencemuseum.org.uk/contact
https://www.sciencemuseumok.org/,Science Museum Oklahoma,Oklahoma City,US,museums,info@ / access or education coordinator via sciencemuseumok.org/contact
https://www.scienceworld.ca/,Science World,Vancouver,US,museums,info@ / access or education coordinator via scienceworld.ca/contact
https://www.sciowa.org/,Science Center of Iowa,Des Moines,US,museums,info@ / access or education coordinator via sciowa.org/contact
https://scmuseum.org/visit/accessibility/,South Carolina State Museum,Columbia,US,museums,info@ / access or education coordinator via scmuseum.org/contact
https://www.scottsdalelibrary.org/,Scottsdale Public Library,Phoenix,US,storytime,info@ / access or education coordinator via scottsdalelibrary.org/contact
https://www.sct.org/,Seattle Children's Theatre,Seattle,US,theater,info@ / access or education coordinator via sct.org/contact
https://scz.org/,Sedgwick County Zoo,Wichita,US,attractions,info@ / access or education coordinator via scz.org/contact
https://sdcdm.org/,San Diego Children's Discovery Museum,San Diego,US,museums,info@ / access or education coordinator via sdcdm.org/contact
https://www.seattleaquarium.org/,Seattle Aquarium (Sensory Inclusive,Seattle,US,attractions,info@ / access or education coordinator via seattleaquarium.org/contact
https://senecaparkzoo.org/,Seneca Park Zoo,Rochester,US,attractions,info@ / access or education coordinator via senecaparkzoo.org/contact
https://sesameplace.com/philadelphia/,Sesame Place Philadelphia,Philadelphia,US,attractions,info@ / access or education coordinator via sesameplace.com/contact
https://www.sheddaquarium.org/,Shedd Aquarium (Sensory Inclusive,Chicago,US,attractions,info@ / access or education coordinator via sheddaquarium.org/contact
https://www.sheffieldmuseums.org.uk/visit-us/weston-park-museum/accessibility/,Weston Park Museum,Sheffield,UK,museums,info@ / access or education coordinator via sheffieldmuseums.org.uk/contact
https://www.shreveportaquarium.com/,Shreveport Aquarium,Shreveport,US,attractions,info@ / access or education coordinator via shreveportaquarium.com/contact
https://www.slcolibrary.org/,Salt Lake County Library,Salt Lake City,US,storytime,info@ / access or education coordinator via slcolibrary.org/contact
https://www.slsc.org/,Saint Louis Science Center,St. Louis,US,museums,info@ / access or education coordinator via slsc.org/contact
https://smv.org/,Science Museum of Virginia,Richmond,US,museums,info@ / access or education coordinator via smv.org/contact
https://spacecenter.org/accessibility-options/,Space Center Houston (Sensory Guides,Houston,US,attractions,info@ / access or education coordinator via spacecenter.org/contact
https://www.spacecentre.co.uk/plan-explore/facilities-access-guide/,National Space Centre,Leicester,UK,museums,info@ / access or education coordinator via spacecentre.co.uk/contact
https://www.ssgreatbritain.org/,Brunel's SS Great Britain,Bristol,UK,attractions,info@ / access or education coordinator via ssgreatbritain.org/contact
https://stlzoo.org/,Saint Louis Zoo (Sensory Inclusive,St. Louis,US,attractions,info@ / access or education coordinator via stlzoo.org/contact
https://www.strazcenter.org/,Straz Center,Tampa,US,theater,info@ / access or education coordinator via strazcenter.org/contact
https://www.syracusestage.org/,Syracuse Stage,Syracuse,US,theater,info@ / access or education coordinator via syracusestage.org/contact
https://www.taronga.org.au/,Taronga Zoo Sydney,Sydney,US,attractions,info@ / access or education coordinator via taronga.org.au/contact
https://tcmupstate.org/greenville/,The Children's Museum of the Upstate,Greenville,US,museums,info@ / access or education coordinator via tcmupstate.org/contact
https://www.tdf.org/accessibility-services/tdf-autism-friendly-performances/,TDF Autism Friendly Performances,New York,US,theater,info@ / access or education coordinator via tdf.org/contact
https://www.techniquest.org/,Techniquest,Cardiff,UK,museums,info@ / access or education coordinator via techniquest.org/contact
https://thechildrenstheatre.com/,The Children's Theatre of Cincinnati,Cincinnati,US,theater,info@ / access or education coordinator via thechildrenstheatre.com/contact
https://thecoterie.org/,The Coterie Theatre,Kansas City,US,theater,info@ / access or education coordinator via thecoterie.org/contact
https://www.thedeep.co.uk/visit/accessibility,The Deep,Hull,UK,attractions,info@ / access or education coordinator via thedeep.co.uk/contact
https://www.thedoseum.org/beyondlimits,The DoSeum,San Antonio,US,museums,info@ / access or education coordinator via thedoseum.org/contact
https://thehanovertheatre.org/about/access-to-the-arts/,The Hanover Theatre and Conservatory,Worcester,US,theater,info@ / access or education coordinator via thehanovertheatre.org/contact
https://www.theherbert.org/,The Herbert Art Gallery & Museum,Coventry,UK,storytime,info@ / access or education coordinator via theherbert.org/contact
https://www.thehobbycenter.org/,The Hobby Center,Houston,US,theater,info@ / access or education coordinator via thehobbycenter.org/contact
https://themosh.org/,MOSH,Jacksonville,US,museums,info@ / access or education coordinator via themosh.org/contact
https://thesmithcenter.com/,The Smith Center,Las Vegas,US,theater,info@ / access or education coordinator via thesmithcenter.com/contact
https://www.thestoryoftexas.com/,Bullock Texas State History Museum,Austin,US,museums,info@ / access or education coordinator via thestoryoftexas.com/contact
https://thinkery.org/,Thinkery,Austin,US,museums,info@ / access or education coordinator via thinkery.org/contact
https://thinkplaycreate.org/,The New Children's Museum,San Diego,US,museums,info@ / access or education coordinator via thinkplaycreate.org/contact
https://www.titanicbelfast.com/,Titanic Belfast,Belfast,UK,attractions,info@ / access or education coordinator via titanicbelfast.com/contact
https://tnaqua.org/,Tennessee Aquarium,Chattanooga,US,attractions,info@ / access or education coordinator via tnaqua.org/contact
https://www.toledozoo.org/,Toledo Zoo & Aquarium,Toledo,US,attractions,info@ / access or education coordinator via toledozoo.org/contact
https://www.transport-museum.com/,Coventry Transport Museum,Coventry,UK,museums,info@ / access or education coordinator via transport-museum.com/contact
https://trustarts.org/,Pittsburgh Cultural Trust,Pittsburgh,US,theater,info@ / access or education coordinator via trustarts.org/contact
https://www.ulstermuseum.org/,Ulster Museum,Belfast,UK,museums,info@ / access or education coordinator via ulstermuseum.org/contact
https://virginiaaquarium.com/,Virginia Aquarium,Virginia Beach,US,attractions,info@ / access or education coordinator via virginiaaquarium.com/contact
https://virginiahistory.org/,Virginia Museum of History & Culture,Richmond,US,museums,info@ / access or education coordinator via virginiahistory.org/contact
https://virginiazoo.org/,Virginia Zoo,Norfolk,US,attractions,info@ / access or education coordinator via virginiazoo.org/contact
https://w5online.co.uk/,W5 Science and Discovery Centre,Belfast,UK,museums,info@ / access or education coordinator via w5online.co.uk/contact
https://www.wake.gov/departments-government/libraries,Wake County Public Libraries,Raleigh,US,storytime,info@ / access or education coordinator via wake.gov/contact
https://walkerart.org/,Walker Art Center,Minneapolis,US,museums,info@ / access or education coordinator via walkerart.org/contact
https://werockthespectrumbrooklyn.com/,We Rock the Spectrum Kid's Gym,New York,US,play,info@ / access or education coordinator via werockthespectrumbrooklyn.com/contact
https://werockthespectrumdallas.com/,We Rock the Spectrum Kid's Gym,Dallas,US,play,info@ / access or education coordinator via werockthespectrumdallas.com/contact
https://werockthespectrumfentonmo.com/,We Rock the Spectrum Kid's Gym,St. Louis,US,play,info@ / access or education coordinator via werockthespectrumfentonmo.com/contact
https://werockthespectrumhoustonmemorial.com/,We Rock the Spectrum Kid's Gym,Houston,US,play,info@ / access or education coordinator via werockthespectrumhoustonmemorial.com/contact
https://werockthespectrumjacksonville.com/,We Rock the Spectrum Kid's Gym,Jacksonville,US,play,info@ / access or education coordinator via werockthespectrumjacksonville.com/contact
https://werockthespectrumnortheastphilly.com/,We Rock the Spectrum Kid's Gym,Philadelphia,US,play,info@ / access or education coordinator via werockthespectrumnortheastphilly.com/contact
https://werockthespectrumnorthmiami.com/,We Rock the Spectrum Kid's Gym,Miami,US,play,info@ / access or education coordinator via werockthespectrumnorthmiami.com/contact
https://werockthespectrumnorthorlando.com/,We Rock the Spectrum Kid's Gym,Orlando,US,play,info@ / access or education coordinator via werockthespectrumnorthorlando.com/contact
https://werockthespectrumwestford.com/,We Rock the Spectrum Kid's Gym,Boston,US,play,info@ / access or education coordinator via werockthespectrumwestford.com/contact
https://www.wethecurious.org/,We The Curious,Bristol,UK,museums,info@ / access or education coordinator via wethecurious.org/contact
https://www.whitworth.manchester.ac.uk/getinvolved/families/quietmornings/,Whitworth Art Gallery,Manchester,UK,museums,info@ / access or education coordinator via whitworth.manchester.ac.uk/contact
https://www.wildplace.org.uk/,Wild Place Project,Bristol,UK,attractions,info@ / access or education coordinator via wildplace.org.uk/contact
https://wildwnc.org/accessibility-needs/,WNC Nature Center,Asheville,US,attractions,info@ / access or education coordinator via wildwnc.org/contact
https://www.wmc.org.uk/en/news-and-features/relaxed-performances,Wales Millennium Centre,Cardiff,UK,theater,info@ / access or education coordinator via wmc.org.uk/contact
https://wollatonhall.org.uk/accessibility/,Wollaton Hall,Nottingham,UK,museums,info@ / access or education coordinator via wollatonhall.org.uk/contact
https://wonderscope.org/,Wonderscope Children's Museum of Kansas City,Kansas City,US,museums,info@ / access or education coordinator via wonderscope.org/contact
https://www.zachtheater.org/,ZACH Theatre,Austin,US,theater,info@ / access or education coordinator via zachtheater.org/contact
https://www.zoo.org/,Woodland Park Zoo,Seattle,US,attractions,info@ / access or education coordinator via zoo.org/contact
https://zoo.sandiegozoo.org/,San Diego Zoo (Sensory Inclusive,San Diego,US,attractions,info@ / access or education coordinator via zoo.sandiegozoo.org/contact
https://zooatlanta.org/,Zoo Atlanta (Sensory Inclusive,Atlanta,US,attractions,info@ / access or education coordinator via zooatlanta.org/contact
https://www.zoomiami.org/,Zoo Miami,Miami,US,attractions,info@ / access or education coordinator via zoomiami.org/contact
https://zootampa.org/,ZooTampa at Lowry Park,Tampa,US,attractions,info@ / access or education coordinator via zootampa.org/contact
